year,date,day_of_week,location,h18_19,h19_20,h20_21,h21_22,h22_23,h23_24,lmax,lmin,leq
2024,2024-09-07,Saturday,Andheri,66.0,71.6,69.1,69.7,72.5,64.5,77.2,58.0,69.8
2024,2024-09-07,Saturday,Bandra,70.3,74.6,73.9,73.2,69.7,66.1,82.5,60.1,72.1
2024,2024-09-07,Saturday,Bhandup,64.9,73.5,74.6,69.1,66.6,55.1,78.6,50.1,70.5
2024,2024-09-07,Saturday,Borivali,71.3,70.4,70.9,71.9,63.5,62.6,78.3,55.6,69.7
2024,2024-09-07,Saturday,Byculla,66.3,69.9,70.8,68.7,66.9,60.3,73.5,55.3,68.2
2024,2024-09-07,Saturday,Chembur (East),70.2,69.8,68.0,66.8,63.1,67.4,74.1,56.2,68.1
2024,2024-09-07,Saturday,Chembur (West),71.1,68.3,71.5,71.5,72.9,72.5,79.2,59.2,71.5
2024,2024-09-07,Saturday,Chinchpokali (E),69.3,65.7,65.7,68.9,64.8,64.3,75.4,51.8,66.9
2024,2024-09-07,Saturday,Chinchpokali (W),61.1,78.7,78.7,72.8,73.9,64.2,82.3,57.7,75.2
2024,2024-09-07,Saturday,Dadar (East),71.1,65.1,75.4,70.0,75.2,71.8,84.2,57.8,72.6
2024,2024-09-07,Saturday,Dadar (West),71.9,76.1,76.0,78.4,83.4,92.6,98.6,48.9,85.7
2024,2024-09-07,Saturday,Elphinstone,77.8,71.6,65.9,68.2,63.9,56.6,83.5,50.9,71.7
2024,2024-09-07,Saturday,Ghatkopar (E),68.8,69.1,70.2,73.6,70.0,63.1,79.2,56.2,70.1
2024,2024-09-07,Saturday,Girgaon Chowpati,68.2,74.1,73.9,73.2,69.7,66.1,80.5,60.3,71.8
2024,2024-09-07,Saturday,Grant Road,72.9,81.0,75.0,76.8,75.8,66.0,89.0,61.7,76.5
2024,2024-09-07,Saturday,Juhu Chowpati,70.6,72.4,77.5,72.4,69.6,65.8,82.8,59.6,72.8
2024,2024-09-07,Saturday,Kandivali (East),76.1,74.1,82.6,79.3,80.0,75.2,88.9,66.3,78.9
2024,2024-09-07,Saturday,Kandivali (West),66.1,67.2,68.4,63.6,60.8,60.4,74.5,56.5,65.4
2024,2024-09-07,Saturday,Khar,71.5,72.6,76.4,74.1,70.6,60.9,80.7,52.2,72.8
2024,2024-09-07,Saturday,Mulund,70.4,91.1,89.5,100.5,87.9,68.3,110.0,60.0,93.7
2024,2024-09-07,Saturday,Mumbai Central,68.1,69.2,70.4,67.5,65.3,58.6,72.9,54.2,67.7
2024,2024-09-07,Saturday,Parel,49.1,55.6,57.2,76.7,54.7,47.1,82.1,41.4,69.0
2024,2024-09-07,Saturday,Santacruz (East),73.9,79.5,73.5,69.5,74.0,69.1,85.5,61.1,74.7
2024,2024-09-07,Saturday,Vikhroli,61.9,67.5,69.7,70.6,75.0,76.7,79.5,58.4,72.5
2024,2024-09-07,Saturday,Wadala,70.8,66.7,75.0,72.8,72.5,74.6,79.4,57.7,72.8
2024,2024-09-08,Sunday,Andheri,66.5,72.4,69.9,71.5,72.6,67.7,76.1,60.9,70.7
2024,2024-09-08,Sunday,Bandra,70.3,70.9,71.8,71.7,72.0,66.6,78.9,60.2,70.9
2024,2024-09-08,Sunday,Bhandup,70.5,78.9,75.5,72.5,62.9,56.8,82.7,50.1,73.8
2024,2024-09-08,Sunday,Borivali,71.6,71.4,74.4,73.7,73.0,62.4,78.4,59.2,72.3
2024,2024-09-08,Sunday,Byculla,67.5,69.7,70.1,69.1,64.7,61.7,72.8,52.8,68.0
2024,2024-09-08,Sunday,Chembur (East),74.3,75.3,76.0,73.1,69.9,69.9,79.8,58.3,73.7
2024,2024-09-08,Sunday,Chembur (West),70.7,74.9,72.8,73.6,72.0,62.1,79.7,53.6,72.3
2024,2024-09-08,Sunday,Chinchpokali (E),74.5,76.1,75.0,74.7,71.9,75.5,81.4,63.4,74.8
2024,2024-09-08,Sunday,Chinchpokali (W),70.9,78.7,78.5,70.4,66.8,60.0,84.5,60.0,74.6
2024,2024-09-08,Sunday,Dadar (East),65.8,75.2,76.1,79.6,83.4,92.9,98.6,48.9,85.9
2024,2024-09-08,Sunday,Dadar (West),68.8,69.1,70.2,73.6,70.0,63.1,79.2,56.2,70.1
2024,2024-09-08,Sunday,Elphinstone,82.3,75.4,81.3,77.9,73.3,60.0,89.3,55.3,78.5
2024,2024-09-08,Sunday,Ghatkopar (E),70.8,66.7,75.0,72.8,72.5,74.6,79.4,57.7,72.8
2024,2024-09-08,Sunday,Girgaon Chowpati,67.8,68.9,70.2,73.6,70.0,63.1,79.2,56.2,70.0
2024,2024-09-08,Sunday,Grant Road,77.8,71.6,76.4,76.0,65.3,58.2,83.5,55.8,74.3
2024,2024-09-08,Sunday,Juhu Chowpati,64.2,67.9,76.5,78.2,73.1,67.5,82.8,61.1,73.9
2024,2024-09-08,Sunday,Kandivali (East),76.5,78.4,79.8,79.4,71.5,62.7,85.1,43.7,77.1
2024,2024-09-08,Sunday,Kandivali (West),64.8,64.1,66.1,71.2,74.2,63.2,78.5,58.9,69.3
2024,2024-09-08,Sunday,Khar,78.4,77.1,77.0,83.4,78.5,70.9,86.9,63.8,79.0
2024,2024-09-08,Sunday,Mulund,74.2,77.1,77.6,83.4,89.7,80.1,97.3,60.2,83.6
2024,2024-09-08,Sunday,Mumbai Central,66.4,70.4,68.7,66.9,64.7,59.0,72.9,51.3,67.2
2024,2024-09-08,Sunday,Parel,67.9,73.5,73.3,72.8,70.9,67.4,78.1,50.5,71.6
2024,2024-09-08,Sunday,Santacruz (East),79.0,72.5,72.5,68.0,70.2,71.1,82.8,60.4,73.8
2024,2024-09-08,Sunday,Vikhroli,61.9,67.5,69.7,70.6,75.0,76.7,79.5,58.4,72.5
2024,2024-09-08,Sunday,Wadala,65.0,73.3,73.9,69.5,66.3,54.6,78.1,50.1,70.2
